ga:keyword,Intent
Buy books,Transactional
Buy online books,Transactional
Order books,Transactional
Purchase books,Transactional
Cheap books,Transactional
Cheapest books,Transactional
Price books,Transactional
Lowest price books,Transactional
Books best price,Transactional
Books for sale,Transactional
Books outlet,Transactional
Compare books,Transactional
Compare price books,Transactional
Discount books,Transactional
Discount code books,Transactional
Books deal,Transactional
Books deals,Transactional
Books sale,Transactional
Books on sale,Transactional
Books sale online,Transactional
Best books,Transactional
Top rated books,Transactional
Books reviews,Transactional
Books review,Transactional
Books reviewed,Transactional
Recommended books,Transactional
Books rating,Transactional
Online books,Transactional
Books store,Transactional
Books shop,Transactional
Books near me,Transactional
Top  books,Transactional
Where to buy books,Transactional
When to buy books,Transactional
How to buy books,Transactional
Books for men,Informational
Books for women,Informational
Books for kids,Informational
Books for girls,Informational
Books for boys,Informational
Books information,Informational
Books specifications,Informational
How to use books,Informational
Books tips,Informational
Books maintenance,Transactional
Shoes for men,Informational
Shoes for women,Informational
Shoes for kids,Informational
Shoes for girls,Informational
Shoes for boys,Informational
Shoes information,Informational
Shoes specifications,Informational
How to use shoes,Informational
Shoes tips,Informational
Shoes maintenance,Informational
Buy phones,Transactional
Buy online phones,Transactional
Order phones,Transactional
Purchase phones,Transactional
Cheap phones,Transactional
Cheapest phones,Transactional
Price phones,Transactional
Lowest price phones,Transactional
Phones best price,Transactional
Phones for sale,Transactional
Phones outlet,Transactional
Compare phones,Transactional
Compare price phones,Transactional
Discount phones,Transactional
Discount code phones,Transactional
Phones deal,Transactional
Phones deals,Transactional
Phones sale,Transactional
Phones on sale,Transactional
Phones sale online,Transactional
Best phones,Transactional
Top rated phones,Transactional
Phones reviews,Transactional
Phones review,Transactional
Phones reviewed,Transactional
Recommended phones,Transactional
Phones rating,Transactional
Online phones,Transactional
Phones store,Transactional
Phones shop,Transactional
Phones near me,Transactional
Top  phones,Transactional
Where to buy phones,Transactional
When to buy phones,Transactional
How to buy phones,Transactional
Phones for men,Informational
Phones for women,Informational
Phones for kids,Informational
Phones for girls,Informational
Phones for boys,Informational
Phones information,Informational
Phones specifications,Informational
How to use phones,Informational
Phones tips,Informational
Phones maintenance,Informational
Buy shirts,Transactional
Buy online shirts,Transactional
Order shirts,Transactional
Purchase shirts,Transactional
Cheap shirts,Transactional
Cheapest shirts,Transactional
Price shirts,Transactional
Lowest price shirts,Transactional
Shirts best price,Transactional
Shirts for sale,Transactional
Shirts outlet,Transactional
Compare shirts,Transactional
Compare price shirts,Transactional
Discount shirts,Transactional
Discount code shirts,Transactional
Shirts deal,Transactional
Shirts deals,Transactional
Shirts sale,Transactional
Shirts on sale,Transactional
Shirts sale online,Transactional
Best shirts,Transactional
Top rated shirts,Transactional
Shirts reviews,Transactional
Shirts review,Transactional
Shirts reviewed,Transactional
Recommended shirts,Transactional
Shirts rating,Transactional
Online shirts,Transactional
Shirts store,Transactional
Shirts shop,Transactional
Shirts near me,Transactional
Top  shirts,Transactional
Where to buy shirts,Transactional
When to buy shirts,Transactional
How to buy shirts,Transactional
Shirts for men,Informational
Shirts for women,Informational
Shirts for kids,Informational
Shirts for girls,Informational
Shirts for boys,Informational
Shirts information,Informational
Shirts specifications,Informational
How to use shirts,Informational
Shirts tips,Informational
Shirts maintenance,Informational
Buy newspaper,Transactional
Buy online newspaper,Transactional
Order newspaper,Transactional
Purchase newspaper,Transactional
Cheap newspaper,Transactional
Cheapest newspaper,Transactional
Price newspaper,Transactional
Lowest price newspaper,Transactional
Newspaper best price,Transactional
Newspaper for sale,Transactional
Newspaper outlet,Transactional
Discount code newspaper,Transactional
Compare price newspaper,Transactional
Discount newspaper,Transactional
Newspaper sale online,Transactional
Newspaper deal,Transactional
Newspaper deals,Transactional
Newspaper sale,Transactional
Newspaper for men,Informational
Newspaper for women,Informational
Newspaper for kids,Informational
Newspaper for girls,Informational
Newspaper for boys,Informational
Newspaper information,Informational
Newspaper specifications,Informational
How to use newspaper,Informational
Newspaper tips,Informational
Newspaper maintenance,Informational
inventory management system,Informational
software asset management,Informational
erp hr module training,Informational
What is network audit,Informational
electronic inventory control,Informational
digital manometer price,Informational
web dynpro,Informational
inventory tracking software for mac,Informational
depreciation recapture calculator,Informational
sap project management,Informational
electronic writing pad,Informational
opensource itsm,Informational
information on laser,Informational
how much is 1 pound,Informational
it asset manager,Informational
it asset tracking,Informational
micrometers,Informational
edi consultant,Informational
marena,Informational
computer management software,Informational
chinatown erp,Informational
oracle e business suite,Informational
protractor square,Informational
edi integration,Informational
financialforce,Informational
deploy software,Informational
pocket caliper,Informational
laser level,Informational
arbre de transmission mercedes,Informational
birth controls without estrogen,Informational
sap mm tcodes,Informational
nuclear density gauge,Informational
tesa micrometer,Informational
mitutoyo pie de rey,Informational
rotating level,Informational
ax software,Informational
peoplesoft financials,Informational
4 digital caliper,Informational
depreciation of assets,Informational
groupwise internationaler bund,Informational
basecamp bonn preise,Informational
book inventory,Informational
software license management tool,Informational
equerre numerique,Informational
birth control pill box,Informational
assettracking,Informational
what is erp software,Informational
rotating laser,Informational
great plains certification training,Informational
generess fe,Informational
erp cloud,Informational
sdn training,Informational
12 digital calipers,Informational
cycle price,Informational
erp systems providers,Informational
software erp,Informational
inventory template,Informational
egg timer digital,Informational
topcon laser rotatif,Informational
laser protractor,Informational
online inventory management software,Informational
sap system,Informational
barcode inventory software,Informational
retail inventory software,Informational
microsoft inventory,Informational
inventory management cloud,Informational
depreciation on software,Informational
microsoft dynamics nav,Informational
inventory shipping receiving,Navigational
where to visit,Navigational
live meeting,Navigational
itworks canada,Navigational
visit reiker,Navigational
visit facebook,Navigational
visit youtube,Navigational
go to amazon site,Navigational
go to flipkart,Navigational
flipkart purchase page,Navigational
reiker shoes page,Navigational
youtube,Navigational
ebay,Navigational
ebay products,Navigational
find book store,Navigational
search keys,Navigational
search for Monalisa painting Picbay,Navigational
download app,Navigational
download reiker app,Navigational
download application ,Navigational
download store,Navigational
download games,Navigational
download applications for songs,Navigational
download application for music,Navigational
get free coupons,Navigational
get myntra coupon,Navigational
reiker software,Navigational
adobe application,Navigational
photoshop download,Navigational
car wallpapers,Navigational
moon wallpaper,Navigational
sun wallpaper,Navigational
quick search,Navigational
paid jobs,Navigational
fuel prices ,Navigational
watch netflix,Navigational
view on amazon prime,Navigational
watch movies,Navigational
watch cricket matches,Navigational
visa apply,Navigational
free gifts,Navigational
free shipping,Navigational
build model,Navigational
deploy models on cloud,Navigational
amazon page,Navigational
build apps,Navigational
build website,Navigational
design website on wix,Navigational
best weight loss patches,Navigational
icy hot back patch,Navigational
mitutoyo messuhr,Navigational
crm erp software,Navigational
software de auditoria,Navigational
assets register template,Navigational
facebook login,Navigational
events signup,Navigational
jabong signin,Navigational
find apple products,Navigational
download ios applications,Navigational
download android applications,Navigational
download temple run,Navigational
go to microsoft page,Navigational
find microsoft jobs,Navigational
careers at google page,Navigational
jabong user search,Navigational
truecaller download,Navigational
microsoft office download,Navigational
wallpapers download,Navigational
messi wallpapers,Navigational
visit zomato,Navigational
order food swiggy,Navigational
dominoes pizza ,Navigational
tata consultancy,Navigational
infosys jobs,Navigational
careers at cts,Navigational
find jobs in usa,Navigational
canada rieker page,Navigational
boots of reebok,Navigational
adidas shirts,Navigational
tv shows on espn,Navigational
charts,Navigational
am charts,Navigational
coursera courses,Navigational
edx web development course,Navigational
digital media ,Navigational
part of price,Navigational
parts of amazon,Navigational
silicon valley show,Navigational
online shopping,Navigational
Ferrari car ,Navigational
boat earphones page,Navigational
bose headphones,Navigational
get amazon prime,Navigational
get netflix premium,Navigational
logitech mouse ,Navigational
interest in apple products,Navigational
pounds to inr converter,Navigational
ticket to mumbai ,Navigational
find flight tickets mmt,Navigational
irctc train tickets,Navigational
goal.com visit,Navigational
kolkatablogger website,Navigational
what is your name,Informational
how much is the tv for,Informational
how many mangoes are there ,Informational
mobile vs laptop,Informational
when is the next match,Informational
what is the use of medicines,Informational
when to use fire extinguisher,Informational
how many players are there in football,Informational
how to avoid being fat,Informational
what is the best way to solve a sum,Informational